,customer_id,prediction,churn_probability
0,4716-MRVEN,0,0.0
1,8966-KZXXA,0,0.0
2,8720-RQSBJ,0,0.43530151651890775
3,7504-UWHNB,0,0.1738376867222612
4,1730-VFMWO,0,0.26002037906723663
5,5297-MDOIR,0,0.22218160190557562
6,1273-MTETI,1,0.5720099715347507
7,4847-QNOKA,1,0.7774737488430072
8,2091-MJTFX,1,0.6573769254503945
9,0118-JPNOY,0,0.3436956189197526
10,3374-LXDEV,1,0.5287804736633035
11,1697-BCSHV,0,0.013709225357306558
12,3070-FNFZQ,0,0.0
13,7586-ZATGZ,1,0.5027117097608697
14,7786-WBJYI,0,0.4623996743710366
15,9362-MWODR,0,0.013709225357306558
16,2391-IPLOP,0,0.01
17,6656-JWRQX,0,0.34102556137863327
18,1623-NLDOT,1,0.6311111111111112
19,8908-NMQTX,0,0.0004532163742690058
20,2789-HQBOU,0,0.42953358003663167
21,6289-CPNLD,1,0.5601754385964912
22,6064-ZATLR,0,0.002069042069042069
23,5269-NRGDP,0,0.003333333333333333
24,1428-GTBJJ,1,0.8882844600416275
25,8474-UMLNT,0,0.07039898989898989
26,9799-CAYJJ,0,0.39319918167099904
27,7302-ZHMHP,0,0.05963315887771598
28,4835-YSJMR,0,0.0011111111111111111
29,9514-JDSKI,1,0.8772882890056802
30,3842-IYKUE,1,0.8353826088127561
31,9830-ECLEN,0,0.002069042069042069
32,2696-ECXKC,0,0.03601900475118779
33,7061-OVMIM,0,0.0
34,6258-NGCNG,0,0.2679506997179924
35,2692-AQCPF,0,0.015920786569694666
36,7973-DZRKH,0,0.06783199809439398
37,8337-MSSXB,1,0.5793824249077836
38,6893-ODYYE,0,0.2650802893107462
39,4976-LNFVV,0,0.06494280541958561
40,9903-LYSAB,0,0.46313186604208584
41,5469-NUJUR,0,0.001
42,3768-VHXQO,0,0.0
43,5918-VUKWP,0,0.0
44,7394-LWLYN,0,0.41971298751100194
45,6227-FBDXH,0,0.2110190047511878
46,2581-VKIRT,0,0.19353778555595252
47,6030-REHUX,0,0.14873031598031597
48,1150-FTQGN,0,0.0038953488372093026
49,0980-FEXWF,0,0.002069042069042069
50,8042-JVNFH,0,0.4578094264250961
51,6341-JVQGF,0,0.0021554003211338036
52,7789-HKSBS,0,0.04636419958212607
53,2815-CPTUL,1,0.8577647329913538
54,6933-FHBZC,0,0.020453216374269004
55,7684-XSZIY,0,0.0
56,5056-FIMPT,0,0.025920786569694664
57,1222-KJNZD,0,0.03809259085484146
58,7422-WNBTY,1,0.554999295941481
59,6646-JPPHA,0,0.4855460343375445
60,7901-TBKJX,0,0.39918063488972017
61,0164-APGRB,0,0.0
62,6870-ECSHE,0,0.0
63,3683-QKIUE,0,0.3867977413601228
64,2511-ALLCS,0,0.0
65,5022-JNQEQ,1,0.6574002120358843
66,8292-ITGYJ,0,0.0
67,9253-VIFJQ,0,0.0035377855559525083
68,0661-XEYAN,0,0.4599722282721174
69,9796-BPKIW,0,0.47999200571862644
70,6408-WHTEF,0,0.005499548619229471
71,9617-INGJY,0,0.2243184451841148
72,5989-PGKJB,1,0.5668824249077836
73,9661-JALZV,0,0.0
74,0270-THENM,0,0.0035377855559525083
75,8966-SNIZF,0,0.0
76,6368-TZZDT,0,0.0
77,4385-GZQXV,1,0.6982745240698277
78,5453-AXEPF,0,0.37401410803011037
79,9761-XUJWD,0,0.013709225357306558
80,6650-BWFRT,0,0.02
81,8885-QSQBX,0,0.1711637522938661
82,6103-BOCOU,1,0.546750022723629
83,3466-RITXD,0,0.08271611190928965
84,3583-KRKMD,0,0.15658448264664232
85,6906-MPARY,0,0.06442455615501308
86,8336-TAVKX,0,0.01324897671602262
87,2722-VOJQL,1,0.5316613735021423
88,6727-IOTLZ,0,0.05959818306522898
89,5834-ASPWA,1,0.7575348447778698
90,1612-EOHDH,1,0.9690408327582241
91,4631-OACRM,1,0.7912597289529024
92,9770-KXGQU,0,0.22601900475118777
93,4988-IQIGL,1,0.7108736247342969
94,4290-BSXUX,1,0.5545538216937532
95,5073-WXOYN,1,0.9368986027812594
96,6425-JWTDV,0,0.0
97,5913-INRQV,0,0.020952380952380955
98,7551-DACSP,0,0.4196830722667225
99,9992-UJOEL,0,0.15361805993044134
100,6007-TCTST,0,0.0
101,5176-LMJXE,0,0.0
102,2834-JKOOW,0,0.00115995115995116
103,7766-CLTIC,0,0.025224795808360883
104,9728-FTTVZ,1,0.8162436628711406
105,6328-ZPBGN,1,0.7704277537761948
106,0420-BWTPW,0,0.47340149584115204
107,8118-TJAFG,0,0.33869686865595383
108,3985-HOYPM,0,0.02208333333333333
109,0239-OXEXL,0,0.4045566803552484
110,4753-PADAS,0,0.12592078656969463
111,3658-KIBGF,0,0.40794967013495836
112,9470-XCCEM,0,0.38857632007221016
113,5753-QQWPW,0,0.0
114,4365-MSDYN,0,0.08484705335084593
115,5850-BDWCY,0,0.290003671576338
116,7826-VVKWT,0,0.0038657773386034256
117,3692-JHONH,0,0.18396101543384152
118,5550-VFRLC,1,0.5582685430665573
119,0048-LUMLS,0,0.010952380952380953
120,0302-JOIVN,1,0.577924813572137
121,8099-MZPUJ,0,0.0
122,2519-ERQOJ,0,0.19208153826682645
123,9274-UARKJ,0,0.42728292012007685
124,4115-BNPJY,0,0.0060226340408009935
125,1779-PWPMG,0,0.0
126,4529-CKBCL,1,0.5929530915494525
127,9497-QCMMS,1,0.5781293958643892
128,9057-SIHCH,1,0.8845378728886724
129,6145-NNPNO,0,0.14739911114170132
130,5600-PDUJF,0,0.25569543680193585
131,6270-OMFIW,1,0.5442148033126294
132,3316-UWXUY,0,0.08271611190928965
133,7321-KKSDU,0,0.0
134,8878-HMWBV,1,0.9105911497710197
135,2684-EIWEO,1,0.5002609457535927
136,4547-FZJWE,0,0.0052902451362758654
137,4750-UKWJK,0,0.0
138,1902-XBTFB,1,0.6406120141209692
139,5324-KTGCG,0,0.0
140,8714-EUHJO,1,0.5820741916736796
141,1472-TNCWL,0,0.4035221569060275
142,3932-CMDTD,1,0.6231991106719368
143,5727-MYATE,0,0.005499548619229471
144,6008-NAIXK,0,0.215
145,9506-UXUSK,0,0.41971298751100194
146,1042-HFUCW,0,0.0041111111111111105
147,4237-CLSMM,0,0.33883804636316
148,4588-YBNIB,1,0.6972637200175125
149,0940-OUQEC,0,0.41799111019461266
150,9095-HFAFX,0,0.39014431930434346
151,1400-MMYXY,1,0.8820596045220296
152,3999-QGRJH,0,0.38554091836567694
153,7169-YWAMK,0,0.0035377855559525083
154,7831-QGOXH,1,0.6910790162533518
155,9432-RUVSL,0,0.05734395805170009
156,1184-PJVDB,0,0.484823512240968
157,7534-BFESC,1,0.7367565979100718
158,6439-PKTRR,0,0.03333333333333333
159,8309-PPCED,0,0.01
160,6898-RBTLU,0,0.04658231004935595
161,9692-TUSXH,1,0.8945378728886724
162,5996-EBTKM,0,0.0004532163742690058
163,3737-XBQDD,0,0.4727798717063712
164,9943-VSZUV,0,0.15658448264664232
165,6818-DJXAA,0,0.4777986464455647
166,7537-RBWEA,0,0.02836539672633154
167,9269-CQOOL,0,0.3918316805808907
168,8740-CRYFY,1,0.7522007219966252
169,9053-EJUNL,1,0.5443581853364529
170,9974-JFBHQ,0,0.34412145259199817
171,3858-XHYJO,0,0.0
172,5168-MQQCA,0,0.015920786569694666
173,8065-BVEPF,0,0.34412145259199817
174,0221-WMXNQ,1,0.6272271901442422
175,2545-LXYVJ,0,0.0
176,1009-IRMNA,0,0.33883804636316
177,0164-XAIRP,0,0.0
178,0431-APWVY,0,0.2650802893107462
179,7337-CINUD,0,0.0
180,2277-DJJDL,0,0.3737442542901339
181,6918-UMQCG,0,0.2695073135805842
182,8992-VONJD,0,0.2696347350700232
183,6384-VMJHP,0,0.0004532163742690058
184,1389-WNUIB,0,0.0060226340408009935
185,1196-AMORA,1,0.5607763287819558
186,9242-TKFSV,0,0.0004532163742690058
187,2307-FYNNL,0,0.14750268210050818
188,1905-OEILC,0,0.11073256206167162
189,4826-DXMUP,0,0.0004532163742690058
190,7964-ZRKKG,0,0.06442455615501308
191,9522-ZSINC,0,0.01
192,8313-NDOIA,0,0.2848635353226205
193,8050-DVOJX,0,0.04959818306522898
194,7010-BRBUU,0,0.0
195,1963-SVUCV,1,0.9645963883137797
196,8920-NAVAY,0,0.0
197,0396-YCHWO,0,0.3840633527143231
198,1984-FCOWB,1,0.5925357142857144
199,6305-YLBMM,1,0.6823714478893743
200,9824-QCJPK,0,0.0
201,1322-AGOQM,1,0.5221108481249108
202,3230-WYKIR,1,0.5669810301007111
203,9873-MNDKV,1,0.5322174357116943
204,9862-KJTYK,0,0.03308761894855376
205,0411-EZJZE,0,0.32262968456497276
206,2977-CEBSX,0,0.005499548619229471
207,7129-CAKJW,0,0.239392639739002
208,0376-YMCJC,0,0.49214759677838593
209,8165-CBKXO,0,0.0004532163742690058
210,0454-OKRCT,0,0.0
211,1360-JYXKQ,0,0.00925039272321881
212,3057-VJJQE,0,0.06529024513627586
213,6543-XRMYR,1,0.7032119793461631
214,9921-EZKBY,0,0.3651696666703846
215,2808-CHTDM,0,0.0
216,0742-LAFQK,0,0.00925039272321881
217,7089-RKVSZ,0,0.0
218,7404-JLKQG,0,0.009445584644114054
219,3522-CDKHF,0,0.26599272652857037
220,8566-YPRGL,0,0.11151372001751263
221,3346-BRMIS,1,0.723648625960075
222,2284-VFLKH,0,0.018941500294403623
223,8777-MBMTS,0,0.025920786569694664
224,4291-HPAXL,0,0.03852310573253252
225,3030-YDNRM,1,0.6686445196697081
226,0531-ZZJWQ,0,0.2682704407027196
227,4636-OLWOE,0,0.0
228,5960-MVTUK,0,0.4382943985838723
229,1589-AGTLK,1,0.7809023517029313
230,1862-QRWPE,0,0.0
231,3638-VBZTA,0,0.005499548619229471
232,7277-KAMWT,0,0.0
233,9838-BFCQT,0,0.0011111111111111111
234,5002-GCQFH,0,0.19589789503844124
235,2675-OTVVJ,0,0.43727697131769583
236,4139-DETXS,0,0.015290245136275867
237,9167-APMXZ,1,0.5013978590652488
238,5619-PTMIK,0,0.17943808610400683
239,4385-ZKVNW,0,0.24143417138546866
240,6119-SPUDB,0,0.00115995115995116
241,0699-NDKJM,0,0.12742769568626072
242,0867-LDTTC,0,0.023590909090909093
243,7080-TNUWP,0,0.014317844380425129
244,8922-NPKBJ,0,0.42608333333333337
245,3945-GFWQL,1,0.637661878897443
246,4083-EUGRJ,0,0.4964160092386756
247,8513-OLYGY,0,0.0
248,5146-YYFRZ,0,0.0
249,2907-ILJBN,0,0.0
250,1597-FZREH,1,0.801722951844903
251,7812-FZHPE,0,0.4233426231540336
252,6919-ELBGL,0,0.0
253,7312-XSBAT,0,0.13482499086591157
254,1891-QRQSA,0,0.0
255,5155-AZQPB,0,0.2128328609629747
256,9039-RBEEE,1,0.5711585340540075
257,8413-VONUO,1,0.6750920210609876
258,6402-SSEJG,0,0.0
259,6322-PJJDJ,0,0.09324077733860343
260,7966-YOTQW,0,0.20124534942838299
261,1088-CNNKB,0,0.34274500846205436
262,3831-YCPUO,0,0.4338132678132679
263,2672-TGEFF,1,0.5284925391463506
264,0354-WYROK,1,0.5566331431790228
265,1684-FLBGS,0,0.031112231664724634
266,7654-YWJUF,0,0.08575788948834644
267,1814-DKOLC,0,0.2988008464905026
268,2777-PHDEI,1,0.7818850061844109
269,0017-IUDMW,0,0.0
270,3521-MNKLV,0,0.23569543680193586
271,9501-UKKNL,0,0.11214564083092898
272,1760-CAZHT,0,0.2044597960651307
273,9507-EXLTT,1,0.5603538216937531
274,0733-VUNUW,0,0.44799196222586823
275,3063-QFSZL,1,0.558788414723703
276,4940-KHCWD,0,0.00115995115995116
277,3481-JHUZH,0,0.4544621514652031
278,8262-COGGB,0,0.10474843501068562
279,6479-VDGRK,0,0.008101439068484975
280,0208-BPQEJ,0,0.24158542820137976
281,3413-CSSTH,0,0.2686503871342931
282,0823-HSCDJ,1,0.9105911497710197
283,3758-CKOQL,0,0.015920786569694666
284,2038-OEQZH,0,0.192680737650524
285,5136-RGMZO,0,0.08104945054945055
286,9279-CJEOJ,0,0.3651696666703846
287,0259-GBZSH,1,0.6844123495866851
288,0519-XUZJU,1,0.6607102437036647
289,4302-ZYFEL,0,0.0
290,5103-MHMHY,0,0.4359771452469145
291,7244-QWYHG,0,0.005833333333333334
292,2073-QBVBI,0,0.01115995115995116
293,2732-ISEZX,0,0.2806049164921671
294,4501-VCPFK,0,0.279704955672347
295,7550-WIQVA,0,0.0875026821005082
296,6347-DCUIK,1,0.6560725883720816
297,5035-BVCXS,0,0.15658448264664232
298,1346-PJWTK,0,0.20640695415695418
299,3771-PZOBW,0,0.11229099670191638
300,6972-SNKKW,0,0.33883804636316
301,3458-IDMFK,0,0.0
302,4280-DLSHD,0,0.26075451770581504
303,6013-BHCAW,0,0.0021554003211338036
304,2606-PKWJB,0,0.00115995115995116
305,3070-BDOQC,0,0.0038657773386034256
306,4282-YMKNA,1,0.8882844600416275
307,3658-QQJYD,0,0.03157226399331663
308,2379-ENZGV,1,0.5430740723982322
309,5835-BEQEU,1,0.7604255168289907
310,1624-NALOJ,1,0.6421271605529381
311,8963-MQVYN,0,0.2063547008547008
312,4359-INNWN,0,0.0
313,8808-ELEHO,1,0.6287313618340004
314,1360-XFJMR,0,0.0575
315,0734-OXWBT,0,0.0243989898989899
316,8706-HRADD,0,0.25996274454175533
317,7207-RMRDB,1,0.8121186618114535
318,6647-ZEDXT,0,0.0
319,8384-FZBJK,1,0.7303771393495582
320,4510-PYUSH,0,0.4034707720841758
321,5197-LQXXH,0,0.005499548619229471
322,2592-YKDIF,0,0.041964433984918184
323,7469-LKBCI,0,0.0
324,5630-IXDXV,1,0.5033510877582885
325,6728-CZFEI,0,0.0052902451362758654
326,3551-HUAZH,1,0.8882844600416275
327,3655-SNQYZ,0,0.0
328,3106-ULWFW,0,0.4890342423357418
329,1177-XZBJL,0,0.0052902451362758654
330,7295-JOMMD,1,0.7200069081326261
331,5846-NEQVZ,0,0.0004532163742690058
332,0931-MHTEM,0,0.05894150029440363
333,0617-AQNWT,1,0.64
334,7794-JASDG,0,0.23327210033448167
335,8782-LKFPK,0,0.11229099670191638
336,7945-HLKEA,0,0.0
337,9117-SHLZX,1,0.7319417106197927
338,7139-JZFVG,0,0.0052902451362758654
339,8652-YHIYU,0,0.07218160190557563
340,9919-FZDED,0,0.005499548619229471
341,9462-MJUAW,0,0.4297721448453181
342,4030-VPZBD,1,0.7777815780710516
343,3878-AVSOQ,0,0.3896359187269898
344,6581-NQCBA,1,0.7297311068784693
345,9845-PEEKO,0,0.07218160190557563
346,8597-CTXVJ,0,0.015290245136275867
347,4482-EWFMI,0,0.38554091836567694
348,5597-GLBUC,1,0.6877456829200184
349,1925-TIBLE,1,0.6378205993834958
350,4622-YNKIJ,0,0.2808888888888889
351,9618-LFJRU,0,0.041964433984918184
352,2454-RPBRZ,1,0.8945378728886724
353,5887-IKKYO,0,0.0038953488372093026
354,8999-EXMNO,0,0.0
355,3654-ARMGP,0,0.007192348159394066
356,7471-MQPOS,0,0.0004532163742690058
357,8597-CWYHH,0,0.0038953488372093026
358,2969-VAPYH,0,0.0052902451362758654
359,6275-YDUVO,1,0.5480885192691006
360,9688-YGXVR,0,0.43883246021465444
361,2479-BRAMR,1,0.5528038741028428
362,0925-VYDLG,1,0.6643205967376486
363,6807-SIWJI,0,0.0038657773386034256
364,4824-GUCBY,0,0.3632882211182975
365,0673-IGUQO,0,0.041964433984918184
366,8091-TTVAX,0,0.056019004751187804
367,3546-GHEAE,0,0.0
368,4776-XSKYQ,0,0.22111111111111112
369,3001-UNBTL,0,0.2708635353226205
370,2810-FTLEM,1,0.7601914243387867
371,8309-IEYJD,0,0.2243184451841148
372,3913-RDSJZ,0,0.0
373,7601-GNDYK,0,0.0
374,6969-MVBAI,1,0.5278102951910844
375,2257-BOVXD,0,0.013709225357306558
376,7740-BTPUX,0,0.02
377,9065-ZCPQX,0,0.01324897671602262
378,7593-JNWRU,1,0.6896460071402657
379,3308-MHOOC,0,0.19628267638793948
380,2205-LPVGL,0,0.0844245561550131
381,5844-QVTAT,0,0.0004532163742690058
382,7401-RUBNK,0,0.24643658519221234
383,2275-RBYQS,1,0.5578898180679001
384,6265-FRMTQ,0,0.0
385,0212-ISBBF,1,0.667342939490302
386,4315-MURBD,1,0.6788539499796677
387,5089-IFSDP,1,0.7113132678132678
388,3419-SNJJD,1,0.7238484848484847
389,9058-CBREO,1,0.577727951569922
390,4906-ZHGPK,0,0.0
391,7162-WPHPM,0,0.0035377855559525083
392,2703-AMTUL,0,0.002069042069042069
393,9140-CZQZZ,0,0.0021554003211338036
394,7049-GKVZY,0,0.1359473894144353
395,7951-VRDVK,0,0.008101439068484975
396,9436-ZBZCT,1,0.6468493827751602
397,3794-NFNCH,0,0.265341512948012
398,5997-OPVFA,0,0.005499548619229471
399,3092-IGHWF,1,0.696
400,5954-BDFSG,0,0.015920786569694666
401,6217-KDYWC,0,0.0
402,3739-YBWAB,0,0.00115995115995116
403,7558-IMLMT,0,0.0
404,3378-AJRAO,0,0.0
405,4255-DDUOU,0,0.2806049164921671
406,7660-HDPJV,1,0.8162436628711406
407,2889-FPWRM,1,0.62
408,6400-BWQKW,1,0.8061377870399522
409,7508-SMHXL,0,0.2786743656670127
410,3572-UUHRS,0,0.0
411,3956-CJUST,0,0.3477366632935597
412,3043-SUDUA,0,0.04352310573253252
413,4080-OGPJL,1,0.7588571428571429
414,5397-TUPSH,0,0.04659336661145799
415,1707-HABPF,0,0.05783199809439397
416,9530-GRMJG,0,0.05
417,4191-XOVOM,0,0.09902846088268084
418,3992-YWPKO,1,0.7184342324342324
419,0420-TXVSG,0,0.0004532163742690058
420,6968-URWQU,0,0.010453216374269006
421,6959-GQEGV,0,0.03585897435897436
422,7188-CBBBA,0,0.0058657773386034265
423,3509-GWQGF,0,0.1455376246560457
424,7598-UAASY,1,0.7385684599855118
425,9424-CMPOG,0,0.0
426,5590-ZSKRV,0,0.2742412603872676
427,4390-KYULV,1,0.6512164453142221
428,9231-ZJYAM,1,0.7752070437958533
429,7115-IRDHS,0,0.0
430,7552-KEYGT,0,0.0
431,3590-TCXTB,0,0.041964433984918184
432,4710-NKCAW,0,0.18537515313316225
433,8024-XNAFQ,0,0.015920786569694666
434,3354-OADJP,0,0.2335438720010149
435,9755-JHNMN,0,0.0035377855559525083
436,3071-VBYPO,0,0.44729157447769374
437,1060-ENTOF,0,0.1131622291387763
438,7167-PCEYD,0,0.13049999999999998
439,5778-BVOFB,0,0.3539193928779579
440,4418-LZMSV,0,0.23113876517309007
441,5387-ASZNZ,0,0.0004532163742690058
442,3803-KMQFW,0,0.332019417934353
443,1658-TJVOA,0,0.2557704407027196
444,9548-LERKT,0,0.006666666666666666
445,2817-LVCPP,0,0.02208333333333333
446,4257-GAESD,0,0.2213506681241686
447,0696-UKTOX,0,0.006413838612368025
448,9391-TTOYH,0,0.11151372001751263
449,1112-CUNAO,0,0.44729157447769374
450,9108-EJFJP,0,0.07901807670111029
451,4998-IKFSE,0,0.3652506876980111
452,6350-XFYGW,0,0.3558149687453508
453,8197-BFWVU,0,0.004132936507936507
454,7028-DVOIQ,1,0.6635704081643908
455,5522-NYKPB,0,0.192680737650524
456,6479-OAUSD,0,0.0
457,0979-PHULV,1,0.7337208314739858
458,8734-DKSTZ,0,0.192680737650524
459,0847-HGRML,0,0.0
460,3716-LRGXK,0,0.03601900475118779
461,1897-OKVMW,0,0.005499548619229471
462,2968-SSGAA,1,0.7303771393495582
463,4002-BQWPQ,0,0.00959090909090909
464,3317-VLGQT,1,0.6790972566952231
465,1853-UDXBW,1,0.5959352097332239
466,0608-JDVEC,0,0.0
467,5364-XYIRR,1,0.6122788530741569
468,3810-PJUHR,0,0.0
469,8190-ZTQFB,0,0.185
470,7753-USQYQ,0,0.0
471,2722-JMONI,1,0.8279889088746613
472,6961-MJKBO,0,0.0
473,7799-LGRDP,0,0.0
474,6029-CSMJE,0,0.19866990946505478
475,8805-JNRAZ,0,0.20830660943672324
476,1265-ZFOSD,0,0.0021554003211338036
477,0541-FITGH,0,0.020042558690639888
478,8404-VIOMB,0,0.0004532163742690058
479,4329-YPDDQ,0,0.1732675657675658
480,0623-IIHUG,1,0.5309724827815763
481,3865-QBWSJ,0,0.37401410803011037
482,6344-SFJVH,0,0.1958146744238352
483,7554-AKDQF,0,0.21844393600635648
484,6906-ANDWJ,1,0.6789004271999204
485,3717-LNXKW,1,0.5002609457535927
486,8263-QMNTJ,0,0.0
487,6458-CYIDZ,0,0.3503475727366328
488,5057-RKGLH,0,0.0
489,5115-SQAAU,0,0.0
490,5622-UEJFI,0,0.0
491,5329-KRDTM,0,0.07675931115678844
492,6461-PPAXN,0,0.0641111111111111
493,4452-QIIEB,0,0.134065777808368
494,6818-WOBHJ,0,0.468341330424177
495,7779-ORAEL,0,0.0060226340408009935
496,6169-PPETC,0,0.0
497,2848-YXSMW,0,0.02208333333333333
498,6061-GWWAV,0,0.0035377855559525083
499,0218-QNVAS,0,0.046019004751187795
500,8608-OZTLB,0,0.003333333333333333
501,8728-SKJLR,0,0.4404886587591728
502,8901-UPRHR,0,0.08118004582895394
503,0013-SMEOE,0,0.0575
504,6519-CFDBX,1,0.6847743058357548
505,4488-PSYCG,0,0.4964160092386756
506,6849-OYAMU,1,0.5085190047511877
507,3932-IJWDZ,0,0.23895772933704454
508,5135-RDDQL,0,0.0011111111111111111
509,1169-WCVAK,0,0.49171950110169527
510,0742-MOABM,0,0.35883076554066645
511,4698-KVLLG,0,0.0
512,1661-CZBAU,0,0.0004532163742690058
513,8644-XYTSV,0,0.33805207594632486
514,3714-NTNFO,1,0.530776103898416
515,0953-LGOVU,0,0.38963203872705227
516,0464-WJTKO,0,0.0
517,8593-WHYHV,1,0.6910790162533518
518,7989-CHGTL,1,0.6972637200175125
519,7998-ZLXWN,0,0.041964433984918184
520,4957-TREIR,0,0.013709225357306558
521,7501-VTYLJ,0,0.48759914767261664
522,0447-BEMNG,1,0.7972711524198226
523,0637-YLETY,1,0.754804527180245
524,2476-YGEFM,0,0.15658448264664232
525,5949-HGVJL,0,0.036049450549450544
526,5939-XAIXZ,0,0.20932651416817877
527,9847-HNVGP,0,0.0
528,4576-CSAJH,1,0.5641111111111111
529,4747-LCAQL,0,0.010784726925455186
530,7595-EHCDL,0,0.49572795156992194
531,4003-OCTMP,0,0.0
532,7617-EYGLW,0,0.0
533,6447-EGDIV,0,0.0
534,2796-NNUFI,0,0.001
535,6362-QHAFM,0,0.0875026821005082
536,6838-HVLXG,0,0.08571759654026291
537,8205-VSLRB,0,0.07675931115678844
538,2276-YDAVZ,1,0.6545238038232969
539,1839-FBNFR,0,0.0030000000000000005
540,9386-LDCZR,0,0.052319177581573444
541,3512-IZIKN,1,0.5640013562473869
542,9675-ICXCT,0,0.0
543,3003-CMDUU,0,0.42439668604765646
544,6469-QJKZW,0,0.08
545,3387-VATUS,1,0.8090944204428614
546,5628-FCGYG,1,0.5186269197492319
547,5244-IRFIH,1,0.6982745240698277
548,9092-GDZKO,0,0.02836539672633154
549,6410-LEFEN,1,0.9690408327582241
550,8606-CIQUL,0,0.0
551,4742-DRORA,0,0.014317844380425129
552,7190-XHTWJ,0,0.005
553,9739-JLPQJ,0,0.06
554,6745-JEFZB,0,0.09721611190928964
555,5939-SXWHM,0,0.0011111111111111111
556,0602-DDUML,0,0.0035377855559525083
557,3132-TVFDZ,1,0.6701380693736333
558,9734-YWGEX,1,0.7955194250194251
559,5951-AOFIH,0,0.013709225357306558
560,0030-FNXPP,0,0.03852310573253252
561,9229-RQABD,0,0.0
562,0394-YONDK,0,0.0
563,6513-EECDB,1,0.5560044150616936
564,3295-YVUSR,0,0.28336840910907873
565,8450-UYIBU,0,0.42833145061113226
566,9170-CCKOU,1,0.5624276124202594
567,8260-NGFNY,0,0.3644636252322288
568,8430-TWCBX,0,0.0
569,4902-OHLSK,1,0.6395364019837253
570,5562-YJQGT,0,0.041964433984918184
571,3156-QLHBO,0,0.06426473782508442
572,5501-TVMGM,0,0.3257050813903696
573,9668-PUGNU,0,0.0
574,4686-GEFRM,0,0.028941500294403618
575,7690-KPNCU,0,0.0004532163742690058
576,6176-YJWAS,0,0.024317844380425124
577,6685-XSHHU,0,0.0
578,9650-VBUOG,0,0.0
579,9391-DXGGG,0,0.010952380952380953
580,5975-BAICR,0,0.0004532163742690058
581,8058-DMYRU,1,0.5278102951910844
582,6015-VVHHE,0,0.4369019677391245
583,4840-ORQXB,0,0.3037328943802178
584,2252-NKNSI,0,0.005499548619229471
585,5144-TVGLP,0,0.34426518123414807
586,6475-VHUIZ,0,0.006413838612368025
587,1270-XKUCC,0,0.0
588,8012-SOUDQ,0,0.46433807296886215
589,6859-RKMZJ,0,0.40969019477384505
590,9878-TNQGW,1,0.6287313618340004
591,3312-ZWLGF,1,0.7395930622862356
592,6235-VDHOM,1,0.7414722222222221
593,0750-EBAIU,0,0.2285
594,7663-YJHSN,0,0.41395601274980137
595,9150-HEPMB,0,0.002069042069042069
596,4039-HEUNW,1,0.8945378728886724
597,3165-HDOEW,1,0.7319417106197927
598,1469-LBJQJ,1,0.5554391746319662
599,8519-QJGJD,1,0.6272271901442422
600,5931-FLJJF,1,0.8468253390519598
601,5730-RIITO,0,0.05920206467884486
602,5473-KHBPS,0,0.014317844380425129
603,1895-QTKDO,0,0.134065777808368
604,3387-PLKUI,0,0.06852204776660488
605,5669-SRAIP,1,0.8772882890056802
606,8158-WPEZG,0,0.10892187188576419
607,0906-QVPMS,0,0.0
608,6683-VLCTZ,1,0.8899224882732878
609,8084-OIVBS,0,0.0
610,8665-UTDHZ,1,0.6722458592132504
611,5371-VYLSX,1,0.5067282269387743
612,8167-GJLRN,0,0.29791252587991723
613,6734-GMPVK,0,0.10902846088268085
614,9227-YBAXE,0,0.12549954861922946
615,5756-JYOJT,0,0.015290245136275867
616,0057-QBUQH,0,0.0
617,7613-LLQFO,1,0.5535966167189288
618,6100-FJZDG,0,0.0
619,3923-CSIHK,1,0.6537705203771924
620,4587-NUKOX,1,0.8061377870399522
621,3808-HFKDE,0,0.33692618648527994
622,5696-CEIQJ,0,0.016019004751187796
623,0757-WCUUZ,0,0.0052902451362758654
624,8550-XSXUQ,0,0.0004532163742690058
625,6956-SMUCM,1,0.6967275131980586
626,4854-SSLTN,0,0.0052902451362758654
627,2223-GDSHL,0,0.0
628,8266-VBFQL,0,0.4388142634450525
629,6797-LNAQX,1,0.5672286821705427
630,4877-TSOFF,0,0.0015722639933166249
631,1125-SNVCK,0,0.134065777808368
632,9530-EHPOH,1,0.5763946078431372
633,4817-VYYWS,1,0.8074593904318091
634,7722-CVFXN,0,0.013865777338603424
635,2667-WYLWJ,0,0.3524880952380951
636,3727-RJMEO,1,0.5564032969667856
637,0468-YRPXN,0,0.4777110928368107
638,0193-ESZXP,1,0.5491594255513863
639,2074-GKOWZ,1,0.5322264655593123
640,0191-ZHSKZ,0,0.02919230769230769
641,3703-KBKZP,1,0.5227789375784306
642,3254-YRILK,1,0.5503263717128207
643,9824-BEMCV,1,0.8162436628711406
644,3724-UCSHY,0,0.09765563898474854
645,2138-VFAPZ,0,0.12141666666666666
646,5519-TEEUH,0,0.0
647,2115-BFTIW,1,0.8149959579893791
648,2232-DMLXU,1,0.737431890773653
649,0578-SKVMF,1,0.541741344454281
650,1746-TGTWV,0,0.21099582821719046
651,3398-ZOUAA,1,0.8162436628711406
652,1965-DDBWU,1,0.5352471186285923
653,0835-JKADZ,0,0.06253571428571428
654,4312-GVYNH,0,0.0011111111111111111
655,7969-AULMZ,1,0.8945378728886724
656,5673-FSSMF,0,0.478785528720817
657,0907-HQNTS,0,0.0
658,9774-NRNAU,0,0.016320441211169472
659,2996-XAUVF,0,0.0008333333333333333
660,4821-WQOYN,0,0.0
661,4119-ZYPZY,0,0.09146101543384151
662,7434-SHXLS,1,0.6559535731214079
663,9643-AVVWI,0,0.42860558756868555
664,3038-PQIUY,0,0.013709225357306558
665,8637-XJIVR,1,0.7522007219966252
666,6357-JJPQT,0,0.46686424506126223
667,0247-SLUJI,0,0.04152310573253254
668,1229-RCALF,0,0.0
669,1498-DQNRX,0,0.03852310573253252
670,3841-NFECX,0,0.014317844380425129
671,4719-UMSIY,0,0.29195439958487907
672,7245-JMTTQ,0,0.08253571428571427
673,4662-EKDPQ,0,0.4852296742639993
674,9577-WJVCQ,0,0.21938618792349954
675,1241-FPMOF,0,0.0
676,9631-XEYKE,0,0.4297721448453181
677,5181-OABFK,0,0.0004532163742690058
678,8065-YKXKD,1,0.8882844600416275
679,9392-XBGTD,0,0.0
680,3026-ATZYV,0,0.0060226340408009935
681,1755-RMCXH,0,0.08571759654026291
682,3221-CJMSG,0,0.12630902186705548
683,5062-CJJKH,0,0.002069042069042069
684,7623-TRNQN,0,0.3724486835551826
685,7815-PDTHL,0,0.0
686,3896-RCYYE,0,0.07901807670111029
687,4847-TAJYI,1,0.5653197237979913
688,5075-JSDKI,0,0.0
689,5018-GWURO,0,0.35619561891975265
690,5649-ANRML,1,0.7770944204428615
691,2439-QKJUL,0,0.4964160092386756
692,1866-RZZQS,1,0.8899224882732878
693,1448-CYWKC,0,0.04636419958212607
694,6899-PPEEA,1,0.8845378728886724
695,9134-WYRVP,0,0.010952380952380953
696,7517-LDMPS,1,0.5141094372317493
697,1357-BIJKI,0,0.00925039272321881
698,5759-RCVCB,1,0.5767189952487913
699,4176-RELJR,0,0.0
700,3566-CAAYU,0,0.19
701,1187-WILMM,0,0.005499548619229471
702,9581-GVBXT,0,0.00115995115995116
703,8668-KNZTI,0,0.02
704,7450-NWRTR,1,0.7768589529529352
705,7602-DBTOU,0,0.0
706,3096-WPXBT,0,0.028941500294403618
707,9637-EIHEQ,1,0.9368986027812594
708,6141-OOXUQ,0,0.29195439958487907
709,2498-XLDZR,0,0.0035377855559525083
710,0567-XRHCU,0,0.010833333333333332
711,3858-VOBET,1,0.7710281175533058
712,1563-IWQEX,0,0.04152310573253254
713,8570-KLJYJ,0,0.23597137905611945
714,6100-QQHEB,1,0.5333089504172103
715,0082-LDZUE,0,0.2320579826369934
716,7683-CBDKJ,1,0.6111296845649726
717,7363-QTBIW,0,0.4615808869138571
718,0206-TBWLC,0,0.0
719,6617-WLBQC,0,0.020952380952380955
720,0224-RLWWD,0,0.33692618648527994
721,4549-ZDQYY,0,0.0052902451362758654
722,4238-JSSWH,0,0.3894040404040404
723,0021-IKXGC,0,0.3968699612801813
724,3786-WOVKF,0,0.015920786569694666
725,2725-TTRIQ,0,0.005499548619229471
726,4531-AUZNK,0,0.014317844380425129
727,8397-MVTAZ,1,0.8074593904318091
728,2190-BCXEC,0,0.27862704259380744
729,8461-EFQYM,0,0.0
730,0661-WCQNQ,0,0.010453216374269006
731,4707-MAXGU,0,0.0011111111111111111
732,0485-ZBSLN,0,0.0
733,2146-EGVDT,0,0.005
734,5995-WWKKG,0,0.01
735,2987-BJXIK,0,0.01810143906848497
736,6340-DACFT,0,0.0
737,2516-VQRRV,0,0.4417366632935598
738,3934-HXCFZ,1,0.7787435683375505
739,1839-UMACK,0,0.0
740,7929-DMBCV,0,0.39014431930434346
741,2361-UPSND,0,0.0035377855559525083
742,8879-ZKJOF,0,0.0021554003211338036
743,2662-NNTDK,0,0.0
744,2821-WARNZ,0,0.0
745,2371-JQHZZ,0,0.48948915695765777
746,5575-TPIZQ,0,0.4552642790044484
747,8869-LIHMK,0,0.0
748,5802-ADBRC,0,0.2538641995821261
749,7270-BDIOA,1,0.6368493827751602
750,2675-IJRGJ,0,0.0
751,2045-BMBTJ,0,0.19138923414779918
752,3863-QSTYI,0,0.3077963512316394
753,3627-FCRDW,1,0.7879751825597571
754,7795-CFOCW,0,0.00115995115995116
755,9867-JCZSP,0,0.0
756,7580-UGXNC,1,0.6925747479165101
757,7845-URHJN,1,0.8046836347778346
758,1154-HYWWO,0,0.0035377855559525083
759,8544-JNBOX,0,0.0
760,0112-QWPNC,1,0.6933333333333335
761,1031-IIDEO,1,0.7379371870438588
762,7537-CBQUZ,0,0.29826756576756575
763,5515-AKOAJ,1,0.8074593904318091
764,3023-GFLBR,1,0.8360886527688
765,8086-OVPWV,1,0.5929530915494525
766,7180-PISOG,1,0.8882844600416275
767,4376-KFVRS,0,0.0
768,3120-FAZKD,0,0.0
769,6121-VZNQB,1,0.6294339257233994
770,5144-PQCDZ,0,0.08850925752150812
771,6563-VRERX,0,0.0
772,5766-ZJYBB,0,0.24158542820137976
773,2691-NZETQ,1,0.6910790162533518
774,8851-RAGOV,0,0.017713538854267113
775,4480-MBMLB,0,0.04636419958212607
776,7216-EWTRS,1,0.7557104726828915
777,4670-TABXH,0,0.0575
778,0709-TVGUR,1,0.8882844600416275
779,0236-HFWSV,1,0.554999295941481
780,6653-CBBOM,1,0.7634634230212416
781,7811-JIVPF,0,0.1711637522938661
782,6838-YAUVY,0,0.014317844380425129
783,6976-BWGLQ,0,0.01
784,1093-YSWCA,0,0.0
785,7693-LCKZL,1,0.5929530915494525
786,3078-ZKNTS,0,0.3524880952380951
787,9068-VPWQQ,0,0.0060226340408009935
788,9236-NDUCW,0,0.00115995115995116
789,2226-ICFDO,0,0.005499548619229471
790,8868-WOZGU,1,0.878423240885666
791,3716-BDVDB,1,0.8162436628711406
792,6741-QRLUP,0,0.0021554003211338036
793,9909-DFRJA,0,0.014317844380425129
794,9411-TPQQV,0,0.014111111111111109
795,7114-AEOZE,0,0.0
796,9114-AAFQH,0,0.0
797,3642-BYHDO,0,0.0
798,5857-XRECV,0,0.0
799,3733-ZEECP,0,0.15214564083092902
800,9805-FILKB,0,0.0
801,8985-OOPOS,0,0.014204452222619174
802,5043-TRZWM,1,0.505739094906147
803,5639-NTUPK,0,0.09182489488292844
804,0661-KBKPA,0,0.0021554003211338036
805,0585-EGDDA,0,0.42860558756868555
806,2674-MIAHT,0,0.40590971242571483
807,4821-SJHJV,0,0.3354347521333713
808,9531-NSBMR,0,0.0
809,8410-BGQXN,0,0.24158542820137976
810,2770-NSVDG,0,0.3888014147688061
811,3785-KTYSH,0,0.0
812,1422-DGUBX,0,0.1007908496732026
813,6250-CGGUN,0,0.24
814,2495-TTHBQ,0,0.0
815,9624-EGDEQ,0,0.0
816,7629-WFGLW,0,0.022000000000000002
817,1337-BOZWO,0,0.00115995115995116
818,4530-NDRKU,0,0.01
819,9860-LISIZ,0,0.041964433984918184
820,3440-JPSCL,1,0.8875819425850969
821,2675-DHUTR,1,0.5566331431790228
822,8008-HAWED,1,0.9368986027812594
823,1766-GKNMI,1,0.5027117097608697
824,9638-JIQYA,0,0.02836539672633154
825,4282-ACRXS,0,0.03235470085470085
826,4065-JJAVA,0,0.3175286945696153
827,7253-UVNDW,1,0.6035438720010149
828,9863-JZAIC,1,0.737431890773653
829,1565-RHDJD,1,0.5989971565457246
830,4890-VMUAV,0,0.01
831,7952-OBOYL,0,0.37223441128030127
832,3536-IQCTX,0,0.4284516042108642
833,2642-MAWLJ,0,0.0
834,4139-SUGLD,1,0.5367189952487913
835,8799-OXZMD,0,0.05415017592832598
836,5140-FOMCQ,0,0.08118004582895394
837,5968-XQIVE,0,0.09863146997929607
838,3724-BSCVH,0,0.0
839,9089-UOWJG,0,0.12742769568626072
840,4423-YLHDV,1,0.5335529674322826
841,9586-JGQKH,0,0.1131622291387763
842,5160-UXJED,0,0.00115995115995116
843,1010-DIAUQ,1,0.8005194250194251
844,4716-HHKQH,0,0.05667271858576206
845,7421-ZLUPA,0,0.05415017592832598
846,9137-NOQKA,0,0.0
847,4057-FKCZK,0,0.010952380952380953
848,6719-OXYBR,0,0.4284516042108642
849,9418-RUKPH,0,0.001
850,1508-DFXCU,1,0.6145646951673337
851,9360-AHGNL,1,0.6838132678132679
852,5590-BYNII,1,0.7557104726828915
853,9953-ZMKSM,0,0.0
854,8107-RZLNV,0,0.015920786569694666
855,0581-BXBUB,0,0.3587617322673594
856,4903-UYAVB,1,0.5666464117067583
857,3537-HPKQT,0,0.1533204949747599
858,1396-QWFBJ,1,0.6418418191413123
859,0743-HRVFF,0,0.2325
860,5906-DVAPM,0,0.0015722639933166249
861,6376-GAHQE,1,0.7344433628604148
862,2867-UIMSS,1,0.5053167147057749
863,0106-UGRDO,0,0.0
864,4282-MSACW,0,0.02
865,0942-KOWSM,0,0.07906246877951467
866,4690-LLKUA,1,0.7684975897981693
867,6689-TCZHQ,1,0.571780882822393
868,9158-VCTQB,1,0.8484342324342324
869,7217-JYHOQ,0,0.017713538854267113
870,4822-RVYBB,1,0.7303771393495582
871,8466-PZBLH,0,0.002685671417854464
872,3154-HMWUU,0,0.005
873,6857-TKDJV,0,0.0
874,6298-QDFNH,1,0.782926395619569
875,5219-YIPTK,1,0.6250108762656437
876,6749-UTDVX,0,0.013865777338603422
877,5338-YHWYT,0,0.0052902451362758654
878,0318-QUUOB,1,0.5737648629062775
879,0895-DQHEW,1,0.525631597048129
880,2097-YVPKN,0,0.0
881,7868-BGSZA,0,0.0
882,5726-CVNYA,0,0.0030000000000000005
883,2402-TAIRZ,0,0.06
884,2452-MRMZF,0,0.0
885,4317-VTEOA,1,0.9368986027812594
886,9221-OTIVJ,1,0.7606644832739419
887,9372-TXXPS,0,0.0052902451362758654
888,5569-IDSEY,0,0.12592078656969463
889,8327-WKMIE,0,0.0
890,0980-PVMRC,0,0.4929724806577687
891,7548-SEPYI,1,0.8945378728886724
892,3460-TJBWI,0,0.0
893,8559-CIZFV,1,0.6282584422308074
894,2937-FTHUR,0,0.049151933850463264
895,8104-OSKWT,0,0.44467576943078263
896,5624-BQSSA,1,0.6559535731214079
897,1080-BWSYE,0,0.0
898,7647-GYYKX,0,0.0
899,2360-RDGRO,0,0.34889899631552834
900,7672-VFMXZ,0,0.009445584644114054
901,7074-IEVOJ,1,0.7912597289529024
902,9399-APLBT,1,0.8882844600416275
903,0970-ETWGE,1,0.6084606270864046
904,5697-GOMBF,0,0.10892187188576419
905,7326-RIGQZ,0,0.4380920006167592
906,0870-VEMYL,0,0.47389095757839717
907,1614-JBEBI,0,0.2666235136094485
908,3892-NXAZG,0,0.0
909,0851-DFJKB,0,0.19627891797744743
910,7622-FWGEW,0,0.005499548619229471
911,1679-JRFBR,0,0.015920786569694666
912,2984-TBYKU,0,0.04636419958212607
913,8174-TBVCF,0,0.00552828534514581
914,6686-YPGHK,1,0.805382608812756
915,2832-SCUCO,0,0.04
916,8938-UMKPI,1,0.6383510877582886
917,3976-NLDEZ,0,0.1204904136053486
918,6924-TDGMT,0,0.0
919,3589-PPVKW,0,0.2370579826369934
920,1075-BGWOH,1,0.8001080849039641
921,9819-FBNSV,0,0.28336840910907873
922,7137-NAXML,0,0.0
923,4024-CSNBY,0,0.05973682076013082
924,3926-YZVVX,0,0.002069042069042069
925,3961-SXAXY,0,0.29996274454175537
926,4676-MQUEA,0,0.018941500294403623
927,6435-SRWBJ,1,0.5364032969667856
928,1237-WIYYZ,0,0.08484705335084593
929,5433-KYGHE,0,0.43824790706798245
930,0135-NMXAP,0,0.4319473742432644
931,4931-TRZWN,0,0.046049450549450546
932,0248-PGHBZ,0,0.06449866476106063
933,3487-EARAT,0,0.014204452222619174
934,8780-IXSTS,1,0.5278102951910844
935,4881-GQJTW,0,0.13265563898474853
936,3249-ZPQRG,1,0.806885006184411
937,8718-PTMEZ,1,0.7777815780710516
938,4659-NZRUF,0,0.42439668604765646
939,4526-EXKKN,0,0.0
940,8981-FJGLA,0,0.16732049497475987
941,5730-DBDSI,0,0.0
942,9820-RMCQV,0,0.45175212190424413
943,5016-IBERQ,0,0.428524809355393
944,6946-LMSQS,1,0.5608888888888889
945,7416-CKTEP,0,0.0
946,1725-MIMXW,0,0.4626654961825241
947,4106-HADHQ,0,0.34274500846205436
948,5071-FBJFS,0,0.0685749908659116
949,7394-FKDNK,0,0.43727697131769583
950,8573-CGOCC,0,0.04152310573253254
951,7673-BQGKU,0,0.0
952,9073-ZZIAY,0,0.27
953,1506-YJTYT,0,0.0035377855559525083
954,7321-PKUYW,1,0.557277239397569
955,1977-STDKI,1,0.5175366279468477
956,0191-EQUUH,0,0.00115995115995116
957,0595-ITUDF,1,0.50415486684646
958,9548-LIGTA,0,0.0021554003211338036
959,2900-PHPLN,0,0.0
960,1090-ESELR,0,0.046019004751187795
961,5537-UXXVS,0,0.06426473782508442
962,3148-BLQJT,1,0.7963503014445013
963,8972-HJWNV,1,0.5366094372317494
964,3503-TYDAY,0,0.30617398024725084
965,2300-RQGOI,0,0.0
966,3750-YHRYO,0,0.0
967,2004-OCQXK,1,0.6343424729451115
968,7159-NOKYQ,0,0.0909648033126294
969,1379-FRVEB,0,0.45680658295350113
970,2982-IHMFT,1,0.5227789375784306
971,9541-PWTWO,0,0.0021554003211338036
972,4378-BZYFP,0,0.005
973,6668-CNMFP,0,0.06442455615501308
974,8388-DMKAE,0,0.0
975,4709-LKHYG,0,0.03
976,4495-LHSSK,0,0.22063876517309008
977,9637-CDTKZ,0,0.0
978,8108-UXRQN,0,0.0703111019770227
979,1492-KGETH,0,0.01324897671602262
980,3617-XLSGQ,0,0.0
981,0559-CKHUS,0,0.0
982,2233-FAGXV,0,0.038365396726331547
983,5366-OBVMR,0,0.15361805993044134
984,0780-XNZFN,0,0.0
985,3796-ENZGF,0,0.0035377855559525083
986,1952-DVVSW,0,0.0
987,5919-TMRGD,1,0.782926395619569
988,3452-ABWRL,0,0.4322251797952552
989,6522-YRBXD,1,0.6046078574031611
990,2346-LOCWC,0,0.0
991,3244-CQPHU,0,0.01
992,6741-EGCBI,0,0.11229099670191638
993,3640-JQGJG,0,0.178234733852324
994,4973-RLZVI,0,0.0060226340408009935
995,3744-ZBHON,0,0.04
996,4316-XCSLJ,0,0.15361805993044134
997,1568-BEKZM,0,0.007192348159394066
998,9208-OLGAQ,1,0.5027117097608697
999,7633-MVPUY,0,0.0
1000,5917-RYRMG,0,0.0
1001,4419-UJMUS,0,0.0038657773386034256
1002,2239-CFOUJ,0,0.0
1003,1635-HDGFT,0,0.0
1004,1485-YDHMM,0,0.08271611190928965
1005,7817-BOQPW,1,0.7558681781112032
1006,8780-IHCRN,0,0.0
1007,9389-ACWBI,0,0.1455376246560457
1008,1346-UFHAX,0,0.37633398668087137
1009,1215-EXRMO,0,0.0
1010,4959-JOSRX,1,0.6896460071402657
1011,0376-OIWME,1,0.5456654029848984
1012,4277-UDIEF,0,0.00959090909090909
1013,2668-TZSPS,0,0.041964433984918184
1014,3898-BSJYF,0,0.0035377855559525083
1015,8752-GHJFU,0,0.042631469979296066
1016,3407-QGWLG,0,0.09059259085484145
1017,1602-IJQQE,1,0.6272271901442422
1018,8614-VGMMV,1,0.9105911497710197
1019,0048-PIHNL,0,0.0
1020,1866-NXPSP,0,0.0015722639933166249
1021,8677-HDZEE,0,0.1460911879836611
1022,5076-YVXCM,0,0.28513371116757336
1023,8229-TNIQA,1,0.7972711524198226
1024,2599-CIPQE,0,0.01
1025,4957-SREEC,0,0.0
1026,6543-JXSOO,0,0.0004532163742690058
1027,4208-UFFGW,0,0.3574625007360013
1028,4667-QONEA,0,0.0015722639933166249
1029,3791-LGQCY,1,0.8809152759184303
1030,0128-MKWSG,0,0.21844393600635648
1031,7078-NVFAM,0,0.11892187188576418
1032,2378-VTKDH,0,0.4528110842276163
1033,7407-SUJIZ,0,0.1204904136053486
1034,3137-LUPIX,0,0.013709225357306558
1035,8388-FYNPZ,0,0.009445584644114054
1036,6769-DYBQN,1,0.5346998842804679
1037,9800-OUIGR,0,0.0
1038,0388-EOPEX,1,0.8882844600416275
1039,6557-BZXLQ,0,0.1638376867222612
1040,6133-OZILE,0,0.11892187188576418
1041,9565-AXSMR,0,0.0
1042,3104-OWCGK,1,0.6085
1043,8672-OAUPW,0,0.00115995115995116
1044,1045-LTCYT,0,0.3750935568608496
1045,1897-RCFUM,0,0.0
1046,9505-SQFSW,0,0.2704694699006601
1047,3410-MHHUM,0,0.0245
1048,6910-HADCM,1,0.7385684599855118
1049,0634-SZPQA,0,0.4862022637915716
1050,0117-LFRMW,1,0.5277262407286384
1051,3520-FJGCV,0,0.0
1052,6732-FZUGP,0,0.013895348837209302
1053,7228-PAQPD,0,0.0052902451362758654
1054,0369-ZGOVK,0,0.06659336661145798
1055,6195-MELTI,0,0.014111111111111109
1056,8414-MYSHR,1,0.6283531349526228
1057,5989-OMNJE,0,0.0
1058,6508-NJYRO,0,0.0
1059,9150-KPBJQ,0,0.0
1060,6439-LAJXL,0,0.21317105519413637
1061,1934-SJVJK,1,0.8046836347778346
1062,1930-WNXSB,0,0.4994891569576578
1063,6323-AYBRX,0,0.42608333333333337
1064,7746-AWNQW,0,0.10380532362220675
1065,5125-CNDSP,0,0.0008333333333333333
1066,7563-BIUPC,1,0.5737648629062775
1067,8630-QSGXK,0,0.0015722639933166249
1068,8563-IIOXK,1,0.6025
1069,0409-WTMPL,0,0.0
1070,1849-RJYIG,0,0.24890457633986451
1071,2057-ZBLPD,1,0.6378205993834958
1072,2884-GBPFB,1,0.7634634230212416
1073,2424-WVHPL,0,0.27560325185887896
1074,4439-JMPMT,1,0.6844123495866851
1075,2856-HYAPG,1,0.6786314560439561
1076,4054-CUMIA,0,0.04809259085484146
1077,1397-XKKWR,0,0.00115995115995116
1078,3930-ZGWVE,0,0.04152310573253254
1079,3258-SANFR,0,0.16823473385232401
1080,5760-FXFVO,1,0.7522007219966252
1081,8963-JLGJT,0,0.4602534157399147
1082,5533-RJFTJ,0,0.07586873134551153
1083,7621-VPNET,0,0.3436956189197526
1084,8311-UEUAB,0,0.0
1085,5982-PSMKW,0,0.004132936507936507
1086,7921-LMDFQ,0,0.04173682076013081
1087,3097-NQYSN,1,0.5634290210612153
1088,3640-PHQXK,1,0.6468493827751602
1089,6527-PZFPV,0,0.0
1090,1925-GMVBW,0,0.332019417934353
1091,1084-UQCHV,1,0.5977876246560458
1092,7328-OWMOM,0,0.0
1093,0930-EHUZA,0,0.0015722639933166249
1094,3511-BFTJW,0,0.00115995115995116
1095,5424-RLQLC,0,0.0658990382326033
1096,2181-TIDSV,0,0.001
1097,9314-IJWSQ,1,0.5050229971294151
1098,3262-EIDHV,0,0.01810143906848497
1099,1023-BQXZE,0,0.03157226399331663
1100,3339-EAQNV,0,0.014317844380425129
1101,0186-CAERR,0,0.0
1102,3239-TPHPZ,0,0.02
1103,3307-TLCUD,0,0.2893588947119666
1104,0818-OCPZO,1,0.6145646951673337
1105,8580-AECUZ,1,0.8061377870399522
1106,8735-NBLWT,0,0.041964433984918184
1107,4514-GFCFI,1,0.5202378992715017
1108,6772-KSATR,1,0.6290646951673338
1109,2474-LCNUE,0,0.02044081158153984
1110,7860-KSUGX,0,0.015290245136275867
1111,2739-CACDQ,0,0.3979234401834644
1112,8735-SDUFN,0,0.0
1113,8679-JOEVF,1,0.5291519338504633
1114,2845-KDHVX,0,0.0004532163742690058
1115,6519-ZHPXP,0,0.015920786569694666
1116,4422-QVIJA,0,0.26002037906723663
1117,6259-WJQLC,0,0.3686186782787024
1118,1710-RCXUS,0,0.08767534463856018
1119,5442-BXVND,0,0.2638317684409292
1120,9732-EQMWY,0,0.3602506876980111
1121,1047-NNCBF,0,0.29237095798937907
1122,3413-BMNZE,0,0.20566743831050396
1123,8670-ERCJH,0,0.01
1124,0556-FJEGU,0,0.0035377855559525083
1125,7721-JXEAW,0,0.4460864976002912
1126,2259-OUUSZ,0,0.0008333333333333333
1127,1139-WUOAH,0,0.002069042069042069
1128,8429-XIBUM,1,0.769166191669346
1129,7153-CHRBV,0,0.0004532163742690058
1130,7511-YMXVQ,1,0.6847743058357548
1131,3981-QSVQI,0,0.23894496963548112
1132,4853-RULSV,1,0.626442876460803
1133,4939-KYYPY,0,0.18915193385046322
1134,2990-IAJSV,0,0.0069795822019472565
1135,3134-DSHVC,0,0.24389534883720926
1136,9975-GPKZU,0,0.006666666666666666
1137,9128-CPXKI,0,0.022000000000000002
1138,5846-ABOBJ,0,0.0
1139,2898-LSJGD,1,0.645
1140,4377-VDHYI,0,0.04429813664596274
1141,6092-QZVPP,0,0.010784726925455186
1142,2868-MZAGQ,1,0.8031603466358729
1143,9600-UDOPK,1,0.5964479557963966
1144,2530-ENDWQ,0,0.38085596753167605
1145,2971-SGAFL,0,0.021166666666666667
1146,5039-LZRQT,0,0.0
1147,9027-YFHQJ,0,0.02836539672633154
1148,7067-KSAZT,1,0.6181276821005083
1149,4443-EMBNA,0,0.0
1150,7353-YOWFP,0,0.0
1151,3662-FXJFO,0,0.005
1152,9067-YGSCA,0,0.0011111111111111111
1153,8468-FZTOE,0,0.0
1154,8887-IPQNC,0,0.2320579826369934
1155,9507-HSMMZ,0,0.0
1156,9866-QEVEE,0,0.43824790706798245
1157,3452-SRFEG,0,0.46158846138795456
1158,6715-OFDBP,1,0.5808190683190684
1159,3370-GQEAL,0,0.29082359479338105
1160,0295-QVKPB,0,0.013709225357306558
1161,7148-XZPHA,0,0.35701921834248895
1162,9170-ARBTB,0,0.0
1163,5840-NVDCG,0,0.0035377855559525083
1164,0550-DCXLH,0,0.03859090909090909
1165,5688-KZTSN,1,0.6732777777777779
1166,0207-MDKNV,1,0.5504857679434362
1167,6072-NUQCB,0,0.0
1168,0068-FIGTF,0,0.01324897671602262
1169,2984-RGEYA,0,0.006666666666666666
1170,0804-XBFBV,0,0.056388888888888884
1171,9465-RWMXL,1,0.774424215513025
1172,1099-BTKWT,0,0.085
1173,5649-RXQTV,0,0.3737442542901339
1174,6507-ZJSUR,0,0.4488142634450526
1175,4123-DVHPH,1,0.5262787526652015
1176,6701-DHKWQ,0,0.002069042069042069
1177,8807-ARQET,0,0.331467814247496
1178,4412-YLTKF,1,0.7531988807200016
1179,5233-GEEAX,1,0.7051277319172056
1180,1697-LYYYX,0,0.0
1181,1142-WACZW,0,0.4533084714475341
1182,8220-OCUFY,0,0.0
1183,8015-IHCGW,0,0.0
1184,4782-OSFXZ,0,0.05549954861922947
1185,1769-GRUIK,0,0.42447718856825956
1186,9822-WMWVG,0,0.24135418985418983
1187,8992-JQYUN,1,0.667342939490302
1188,7693-QPEFS,0,0.28336840910907873
1189,2277-VWCNI,0,0.33767419982632185
1190,4312-KFRXN,0,0.0
1191,7623-HKYRK,0,0.04152310573253254
1192,0991-BRRFB,1,0.675306472347393
1193,3908-BLSYF,1,0.5678207095336459
1194,0947-IDHRQ,0,0.40590971242571483
1195,6586-PSJOX,0,0.08529024513627587
1196,4872-JCVCA,0,0.020833333333333336
1197,0224-HJAPT,1,0.9589297216471131
1198,3951-NJCVI,0,0.3438261732271435
1199,6549-NNDYT,0,0.05920206467884486
1200,4891-NLUBA,0,0.0004532163742690058
1201,0899-WZRSD,0,0.14056487219418742
1202,6865-JZNKO,0,0.4196830722667225
1203,1976-CFOCS,1,0.9589297216471131
1204,5876-HZVZM,0,0.4602534157399147
1205,3466-WAESX,0,0.32786029453471316
1206,1015-JPFYW,0,0.0
1207,8639-NHQEI,0,0.014317844380425129
1208,2927-QRRQV,0,0.09324077733860343
1209,2637-FKFSY,1,0.5287039206320029
1210,9938-ZREHM,0,0.0035377855559525083
1211,2868-LLSKM,0,0.08575788948834644
1212,0804-YGEQV,0,0.0
1213,1571-SAVHK,1,0.8875819425850969
1214,0027-KWYKW,1,0.5067282269387743
1215,5146-CBVOE,0,0.24622797107433328
1216,6651-RLGGM,0,0.0011111111111111111
1217,4465-VDKIQ,1,0.5340117389287911
1218,6339-YPSAH,0,0.2982704407027196
1219,0867-MKZVY,1,0.5004973596808844
1220,9821-BESNZ,0,0.013865777338603424
1221,6427-FEFIG,0,0.01324897671602262
1222,4476-OSWTN,0,0.01
1223,5127-BZENZ,0,0.14529024513627584
1224,9972-NKTFD,0,0.2742412603872676
1225,8859-DZTGQ,0,0.0
1226,4115-UMJFQ,0,0.0008333333333333333
1227,6108-OQZDQ,1,0.8945378728886724
1228,3173-WSSUE,0,0.0
1229,9985-MWVIX,1,0.8468253390519598
1230,6546-OPBBH,0,0.0
1231,1555-HAPSU,0,0.0
1232,2514-GINMM,1,0.7453354876463081
1233,4446-BZKHU,1,0.8712803837428089
1234,5419-CONWX,1,0.8875819425850969
1235,9611-CTWIH,1,0.6378342363431914
1236,2202-CUYXZ,1,0.5430740723982322
1237,5204-QZXPU,1,0.6264807180103998
1238,3717-OFRTN,0,0.04152310573253254
1239,7929-SKFGK,0,0.0
1240,4763-PGDPO,1,0.6703236674082419
1241,6158-HDPXZ,0,0.22705969874935492
1242,8356-WUAOJ,1,0.5951896689608368
1243,5884-GCYMI,1,0.6851447675131886
1244,9142-KZXOP,0,0.16306784443626549
1245,1016-DJTSV,0,0.38554091836567694
1246,9817-APLHW,0,0.043055555555555555
1247,9185-TQCVP,1,0.6910790162533518
1248,3745-HRPHI,0,0.0956235784696092
1249,3836-FZSDJ,0,0.0
1250,3638-DIMPH,0,0.07
1251,7876-AEHIG,0,0.0052902451362758654
1252,0929-PECLO,0,0.468341330424177
1253,9945-PSVIP,0,0.03
1254,7609-NRNCA,0,0.0
1255,6215-NQCPY,1,0.7032119793461631
1256,1767-CJKBA,0,0.0
1257,2604-XVDAM,0,0.134065777808368
1258,5334-AFQJB,0,0.0
1259,8495-PRWFH,0,0.009445584644114054
1260,0308-GIQJT,0,0.0
1261,5348-CAGXB,1,0.6084606270864046
1262,5174-ITUMV,0,0.06386577733860344
1263,1395-OFUWC,0,0.22713006687329443
1264,4441-NIHPT,1,0.7183883188265205
1265,7021-XSNYE,0,0.00115995115995116
1266,3276-HDUEG,1,0.6731428514423446
1267,6784-XYJAE,0,0.06
1268,1121-QSIVB,0,0.07194263436368699
1269,0943-ZQPXH,0,0.08271611190928965
1270,8165-ZJRNM,0,0.0
1271,4378-MYPGO,0,0.04636419958212607
1272,0880-FVFWF,1,0.6002768047527447
1273,1217-VASWC,0,0.038941500294403616
1274,5766-XQXMQ,1,0.5431710551941364
1275,0774-RMNUW,0,0.0052902451362758654
1276,5519-NPHVG,1,0.7039888097841136
1277,3224-DFQNQ,0,0.28600000000000003
1278,1752-OZXFY,0,0.0004532163742690058
1279,3672-YITQD,1,0.5186269197492319
1280,7839-NUIAA,0,0.059151933850463266
1281,7919-ZODZZ,0,0.0004532163742690058
1282,4830-FAXFM,0,0.04829595228188711
1283,2211-RMNHO,0,0.008101439068484975
1284,3359-DSRKA,0,0.0030000000000000005
1285,4634-JLRJT,0,0.03309259085484146
1286,7009-PCARS,0,0.0
1287,4883-QICIH,1,0.6772051204727247
1288,9681-OXGVC,1,0.7879593904318091
1289,0909-SDHNU,0,0.24100761789370256
1290,2809-ILCYT,0,0.0
1291,7010-ZMVBF,0,0.041964433984918184
1292,9467-ROOLM,0,0.06852204776660488
1293,9796-MVYXX,0,0.00115995115995116
1294,0067-DKWBL,1,0.9020911497710198
1295,9101-NTIXF,0,0.24158542820137976
1296,4360-PNRQB,0,0.1596732857354454
1297,6518-LGAOV,1,0.7698311499406085
1298,6114-TCFID,0,0.00115995115995116
1299,9388-ZEYVT,0,0.07
1300,4011-ARPHK,0,0.2958399659131392
1301,5141-ZUVBH,0,0.14057362082362082
1302,3696-DFHHB,0,0.0
1303,9881-VCZEP,0,0.016413838612368024
1304,3669-WHAFY,0,0.0
1305,3996-ZNWYK,0,0.0
1306,4718-DHSMV,0,0.10380532362220675
1307,1406-PUQVY,0,0.4506341816159094
1308,5813-UECBU,1,0.5528038741028428
1309,7503-ZGUZJ,1,0.5371565922882678
1310,9018-PCIOK,0,0.0004532163742690058
1311,4806-DXQCE,0,0.02
1312,2235-ZGKPT,1,0.7338834036058088
1313,1813-JLKWR,0,0.0
1314,0921-OHLVP,0,0.45216075837369485
1315,8819-WFGGJ,0,0.021111111111111112
1316,2446-BEGGB,1,0.8899224882732878
1317,3795-GWTRD,0,0.0060226340408009935
1318,6231-WFGFH,0,0.2806049164921671
1319,7594-RQHXR,1,0.646196915274994
1320,7950-XWOVN,0,0.2893588947119666
1321,7480-SPLEF,0,0.0
1322,6905-NIQIN,1,0.6820183242407295
1323,3058-WQDRE,0,0.02836539672633154
1324,5311-IHLEI,0,0.13949084004887363
1325,6723-WSNTY,0,0.015920786569694666
1326,7251-XFOIL,0,0.24867436566701273
1327,3280-MRDOF,0,0.0004532163742690058
1328,7246-ZGQDF,0,0.006413838612368025
1329,6582-PLFUU,0,0.0
1330,0219-YTZUE,1,0.5078252852973864
1331,2826-DXLQO,0,0.24100761789370256
1332,0895-LNKRC,0,0.0
1333,0390-DCFDQ,1,0.6636471680259284
1334,1357-MVDOZ,0,0.0658990382326033
1335,9054-FOWNV,1,0.5201034813955908
1336,0810-BDHAW,0,0.003333333333333333
1337,3269-ATYWD,1,0.754804527180245
1338,6664-FPDAC,1,0.5668333333333334
1339,1996-DBMUS,0,0.2243184451841148
1340,8207-VVMYB,0,0.0
1341,8295-KMENE,0,0.0015722639933166249
1342,1455-UGQVH,1,0.8899224882732878
1343,7734-DBOAI,1,0.8772882890056802
1344,7729-XBTWX,0,0.3524880952380951
1345,7716-YTYHG,0,0.449249950223924
1346,0265-EDXBD,1,0.7710281175533058
1347,4983-CLMLV,0,0.21562439600371122
1348,1205-WNWPJ,0,0.3539193928779579
1349,6005-OBZPH,1,0.5782171596954272
1350,7855-DIWPO,0,0.4473267937753242
1351,2180-DXNEG,1,0.8945378728886724
1352,7928-VJYAB,0,0.3332133588336886
1353,1626-ERCMM,1,0.6046078574031611
1354,2688-BHGOG,1,0.5769751884163116
1355,1098-TDVUQ,0,0.19628267638793948
1356,0013-MHZWF,0,0.031112231664724634
1357,8016-ZMGMO,0,0.0004532163742690058
1358,8109-YUOHE,0,0.0052902451362758654
1359,3398-FSHON,1,0.6283531349526228
1360,1580-BMCMR,1,0.5262787526652015
1361,5842-POCOP,1,0.5414032017095979
1362,3209-ZPKFI,0,0.006413838612368025
1363,7055-JCGNI,0,0.0
1364,4183-WCSEP,1,0.7531725610372325
1365,8003-EWNDZ,0,0.07635470085470086
1366,9701-CDXHR,0,0.2814011777695988
1367,2428-HYUNX,0,0.024583333333333332
1368,3199-XGZCY,1,0.6268418065524789
1369,5649-TJHOV,1,0.5977582381429888
1370,8046-DNVTL,0,0.0008333333333333333
1371,6695-FRVEC,0,0.0004532163742690058
1372,3957-LXOLK,1,0.77496126924347
1373,4730-AWNAU,0,0.0052902451362758654
1374,6994-FGRHH,0,0.30812768210050817
1375,6352-TWCAU,1,0.6284941960570926
1376,8654-DHAOW,0,0.25129094982826145
1377,5386-THSLQ,0,0.00115995115995116
1378,7924-GJZFI,0,0.39319918167099904
1379,1459-QNFQT,0,0.0052902451362758654
1380,0074-HDKDG,0,0.0004532163742690058
1381,4795-UXVCJ,0,0.0
1382,7890-VYYWG,0,0.49441853557365417
1383,5275-PMFUT,0,0.0004532163742690058
1384,3158-MOERK,1,0.8945378728886724
1385,0289-IVARM,0,0.059151933850463266
1386,5215-LNLDJ,0,0.03235470085470085
1387,9361-YNQWJ,0,0.0
1388,8232-CTLKO,0,0.0
1389,9747-DDZOS,1,0.7481234089697711
1390,1513-XNPPH,1,0.6406120141209692
1391,2272-JKMSI,0,0.06253571428571428
1392,5995-LFTLE,0,0.0
1393,8292-TYSPY,0,0.4530235281071783
1394,0670-KDOMA,0,0.04809259085484146
1395,6674-KVJHG,0,0.0
1396,2753-JMMCV,0,0.03157226399331663
1397,2851-MMUTZ,0,0.20932651416817877
1398,4697-LUPSU,0,0.0
1399,7663-RGWBC,0,0.4181294112084222
1400,6705-LXORM,0,0.18756625815083264
1401,9752-ZNQUT,1,0.513497164808614
1402,0877-SDMBN,0,0.41395601274980137
1403,5555-RNPGT,0,0.1958146744238352
1404,4628-CTTLA,1,0.6902307180103997
1405,0516-QREYC,0,0.03309259085484146
1406,5198-HQAEN,0,0.09863146997929607
